Workbook

Sheet 기준치수
A1: NEXT STAGE 무대 도면 수치 계산서 (2026.10.07 덧마루 30×3 내모임형 반영)
A2: 노란색 칸은 입력값입니다. 값을 바꾸면 다른 시트의 계산이 함께 바뀝니다. 단위 m, 각도는 도(°)
A4: 항목 | B4: 값 | C4: 출처 · 비고
A5: 프로시니엄 폭 | B5: 14.8 | C5: 극장 기술자료
A6: 공연 영역 폭 | B6: 14.6 | C6: 극장 시설 개요 (W14.6 × D13.5)
A7: 공연 영역 깊이 | B7: 13.5 | C7: 극장 시설 개요
A8: 샤막 폭 | B8: 15 | C8: 극장 보유 샤막 15×9m
A9: 샤막 높이 | B9: 9 | C9: 극장 보유 샤막
A10: 샤막 위치 y (#1 장치봉) | B10: 1.18 | C10: 라인셋 일람 (배치안)
A11: 하늘막 y | B11: 12.93 | C11: 라인셋 일람
A12: 화이트막 y | B12: 13.7 | C12: 라인셋 일람
A13: 뒷벽 y | B13: 15.4 | C13: 라인셋 일람
A14: SL 측벽 (중심선 기준) | B14: 11.6 | C14: 무대 기본 치수
A15: SR 측벽 (중심선 기준) | B15: 11.97 | C15: 무대탑 우측 벽
A16: 프로시니엄 반폭 | B16: 7.4 | C16: ≈ 7.49
... A28: 극장 프로젝터 (ANSI lm) | B28: 15000 | C28: 극장 보유 (Eiki LC-XT5)

Sheet 단 산출
A1: 덧마루 · 공간 산출
A3: 항목 | B3: 계산식 | C3: 결과 | D3: 단위
A4: 단당 모듈 수 | B4: 기준치수!$B$20+2*기준치수!$B$21 | C4: =기준치수!$B$20+2*기준치수!$B$21 | D4: 개
A5: 모듈 총수 | B5: C4*기준치수!$B$19 | C5: =C4*기준치수!$B$19 | D5: 개
A6: 단 1개 면적 | B6: C4*기준치수!$B$17*기준치수!$B$17 | C6: =C4*기준치수!$B$17*기준치수!$B$17 | D6: ㎡
A7: 단 3개 합계 | B7: C6*기준치수!$B$19 | C7: =C6*기준치수!$B$19 | D7: ㎡
A8: 공연 영역 면적 | B8: 기준치수!$B$6*기준치수!$B$7 | C8: =기준치수!$B$6*기준치수!$B$7 | D8: ㎡
A9: 단 점유율 | B9: C7/C8 | C9: =C7/C8 | D9: 비율
A10: 중앙부 폭 | B10: 기준치수!$B$20*기준치수!$B$17 | C10: =기준치수!$B$20*기준치수!$B$17 | D10: m
A11: 날개 길이 | B11: 기준치수!$B$21*기준치수!$B$17 | C11: =기준치수!$B$21*기준치수!$B$17 | D11: m
A12: 단 깊이 합계 | B12: 기준치수!$B$19*기준치수!$B$17 | C12: =기준치수!$B$19*기준치수!$B$17 | D12: m
A13: 3단 후면 y | B13: 기준치수!$B$23+C12 | C13: =기준치수!$B$23+C12 | D13: m
A14: 후방 간격 | B14: 기준치수!$B$11-C13 | C14: =기준치수!$B$11-C13 | D14: m
A15: 날개 외곽 전단 x | B15: C10/2+C11*COS(RADIANS(기준치수!$B$22)) | C15: =C10/2+C11*COS(RADIANS(기준치수!$B$22)) | D15: m
A16: 날개 외곽 전단 y | B16: 기준치수!$B$23-C11*SIN(RADIANS(기준치수!$B$22)) | C16: =기준치수!$B$23-C11*SIN(RADIANS(기준치수!$B$22)) | D16: m
A17: 날개 외곽 후단 x | B17: C15+C12*SIN(RADIANS(기준치수!$B$22)) | C17: =C15+C12*SIN(RADIANS(기준치수!$B$22)) | D17: m
A18: 날개 외곽 후단 y | B18: C16+C12*COS(RADIANS(기준치수!$B$22)) | C18: =C16+C12*COS(RADIANS(기준치수!$B$22)) | D18: m
A19: 전면 현 폭 | B19: 2*C15 | C19: =2*C15 | D19: m
A20: 후단 전체 폭 | B20: 2*C17 | C20: =2*C17 | D20: m
A21: 측벽 여유 (공연 영역 ±폭/2 기준) | B21: 기준치수!$B$6/2-C17 | C21: =기준치수!$B$6/2-C17 | D21: m
A22: 쐐기 보정판 면적 (한쪽) | B22: 0.5*C12*C12*SIN(RADIANS(기준치수!$B$22)) | C22: =0.5*C12*C12*SIN(RADIANS(기준치수!$B$22)) | D22: ㎡
A23: 연기 공간 깊이 | B23: 기준치수!$B$23-기준치수!$B$10 | C23: =기준치수!$B$23-기준치수!$B$10 | D23: m
A24: 연기 공간 면적 | B24: 기준치수!$B$6*C23 | C24: =기준치수!$B$6*C23 | D24: ㎡
A25: 앙상블 14명 1인당 면적 | B25: C24/14 | C25: =C24/14 | D25: ㎡
A26: 후방 통로 폭 | B26: 기준치수!$B$13-기준치수!$B$12 | C26: =기준치수!$B$13-기준치수!$B$12 | D26: m
A27: SL 윙 폭 | B27: 기준치수!$B$14-기준치수!$B$16 | C27: =기준치수!$B$14-기준치수!$B$16 | D27: m
A28: SR 윙 폭 | B28: 기준치수!$B$15-기준치수!$B$16 | C28: =기준치수!$B$15-기준치수!$B$16 | D28: m
A29: 3단 후면 낙하 높이 | B29: 기준치수!$B$18*기준치수!$B$19 | C29: =기준치수!$B$18*기준치수!$B$19 | D29: m
A30: 받침 장치 수 (가정: 2 · 3단 모듈 × 앞 · 뒤) | B30: C4*(기준치수!$B$19-1)*2 | C30: =C4*(기준치수!$B$19-1)*2 | D30: 개

Sheet 영사 계산
A1: 영사 계산 (후방 프로젝터 → 샤막)
A3: 항목 | B3: 계산식 | C3: 결과 | D3: 단위
A4: 투사 거리 | B4: 기준치수!$B$24-기준치수!$B$10 | C4: =기준치수!$B$24-기준치수!$B$10 | D4: m
A5: 필요 투사비 | B5: C4/기준치수!$B$8 | C5: =C4/기준치수!$B$8 | D5: : 1
A6: 영상 높이 16:9 | B6: 기준치수!$B$8*9/16 | C6: =기준치수!$B$8*9/16 | D6: m
A7: 영상 높이 16:10 | B7: 기준치수!$B$8*10/16 | C7: =기준치수!$B$8*10/16 | D7: m
A8: 16:10 샤막 높이 초과량 | B8: MAX(0,C7-기준치수!$B$9) | C8: =MAX(0,C7-기준치수!$B$9) | D8: m
A9: 영상 면적 16:9 | B9: 기준치수!$B$8*C6 | C9: =기준치수!$B$8*C6 | D9: ㎡
A10: 공칭 조도 (외부 프로젝터) | B10: 기준치수!$B$27/C9 | C10: =기준치수!$B$27/C9 | D10: lx
A11: 공칭 조도 (극장 프로젝터) | B11: 기준치수!$B$28/C9 | C11: =기준치수!$B$28/C9 | D11: lx
A12: 영상 하단 높이 z_b | B12: 기준치수!$B$26+(기준치수!$B$9-C6)/2 | C12: =기준치수!$B$26+(기준치수!$B$9-C6)/2 | D12: m
A15: 위치 | B15: y (m) | C15: 머리 높이 (m) | D15: t = (프로젝터y − y) ÷ 투사거리 | E15: 필요 프로젝터 높이 (m) | F15: 현재 높이 판정
A16: 3단 후면 (서서) | B16: 11.4 | C16: 2.6 | D16: =(기준치수!$B$24-B16)/$C$4 | E16: =(C16-$C$12*D16)/(1-D16) | F16: =IF(기준치수!$B$25>=E16,"가능","부족")
A17: 3단 후면 (앉아) | B17: 11.4 | C17: 2.2 | D17: =(기준치수!$B$24-B17)/$C$4 | E17: =(C17-$C$12*D17)/(1-D17) | F17: =IF(기준치수!$B$25>=E17,"가능","부족")
A18: 2단 중앙 (앉아) | B18: 9.15 | C18: 1.9 | D18: =(기준치수!$B$24-B18)/$C$4 | E18: =(C18-$C$12*D18)/(1-D18) | F18: =IF(기준치수!$B$25>=E18,"가능","부족")
A19: 1단 중앙 (앉아) | B19: 7.65 | C19: 1.6 | D19: =(기준치수!$B$24-B19)/$C$4 | E19: =(C19-$C$12*D19)/(1-D19) | F19: =IF(기준치수!$B$25>=E19,"가능","부족")

Sheet 가정과 한계
A1: 가정과 한계
A3: 10/7 확정안: 15×15×30 모듈로 30cm × 3단, 중앙부 + 좌우 날개를 객석 쪽으로 모은 내모임형. 2 · 3단은 아래 단 위에 쌓지 않고 아래 단 끝 아래의 받침 장치로 지지합니다
A4: 중앙부 3모듈(4.5m), 날개 2모듈(3.0m), 회전각 15°, 1단 앞선 y 6.9는 검토용 가정값입니다 (측벽 여유와 연주 영역에 맞춘 값)
A5: 날개는 전면 내측 모서리를 축으로 회전하므로 힌지부 뒤쪽에 삼각 틈이 생기며 보정판 또는 난간이 필요합니다
A6: 받침 장치의 형식 · 수량 · 허용 하중과 모듈 보유처는 확인 필요 (수량은 2 · 3단 모듈 앞 · 뒤 끝 1개씩 가정)
A7: 샤막 하단 높이 0.3m, 영상은 샤막 중앙에 16:9, 프로젝터 y 14.9m 높이 3.0m는 가정입니다
A8: 연주자 머리 높이는 서서 1.7m, 앉아서 1.3m로 가정했습니다
A9: 극장 장비 자료는 2014 ~ 2016년 기준입니다. 단 위 허용 하중과 후면 안전 조치는 극장 무대감독 확인이 필요합니다
